step,x,y,z
0,-3.0,0.9011250734329224,2.0
1,-3.0,0.9011250734329224,2.0
2,-3.0,0.9011250734329224,2.0
3,-3.0,0.9011250734329224,2.0
4,-3.0,0.9011250734329224,2.0
5,-3.0,0.9011250734329224,2.0
6,-3.0,0.9011250734329224,2.25
7,-3.0,0.9011250734329224,2.25
8,-2.75,0.9011250734329224,2.25
9,-2.5,0.9011250734329224,2.25
10,-2.25,0.9011250734329224,2.25
11,-2.0,0.9011250734329224,2.25
12,-2.0,0.9011250734329224,2.25
13,-2.0,0.9011250734329224,2.25
